Nome, Endere√ßo, CPF, Email, Telefone
nome1,endereco1,cpf1,email1,telefone1
nome2,endereco2,cpf2,email2,telefone2
nome3,endereco3,cpf3,email3,telefone3
nome4,endereco4,cpf4,email4,telefone4
nome5,endereco5,cpf5,email5,telefone5
nome6,endereco6,cpf6,email6,telefone6
nome7,endereco7,cpf7,email7,telefone7
nome8,endereco8,cpf8,email8,telefone8
nome9,endereco9,cpf9,email9,telefone9
nome10,endereco10,cpf10,email10,telefone10
nome11,endereco11,cpf11,email11,telefone11
nome12,endereco12,cpf12,email12,telefone12
nome13,endereco13,cpf13,email13,telefone13
nome14,endereco14,cpf14,email14,telefone14
nome15,endereco15,cpf15,email15,telefone15
nome16,endereco16,cpf16,email16,telefone16
nome17,endereco17,cpf17,email17,telefone17
nome18,endereco18,cpf18,email18,telefone18
nome19,endereco19,cpf19,email19,telefone19
nome20,endereco20,cpf20,email20,telefone20
nome21,endereco21,cpf21,email21,telefone21
nome22,endereco22,cpf22,email22,telefone22
nome23,endereco23,cpf23,email23,telefone23
nome24,endereco24,cpf24,email24,telefone24
nome25,endereco25,cpf25,email25,telefone25
nome26,endereco26,cpf26,email26,telefone26
nome27,endereco27,cpf27,email27,telefone27
nome28,endereco28,cpf28,email28,telefone28
nome29,endereco29,cpf29,email29,telefone29
nome30,endereco30,cpf30,email30,telefone30
